<?xml version="1.0" encoding="UTF-8" ?>
<!-- This is a WordPress eXtended RSS file generated by WordPress as an export of your site. -->
<!-- It contains information about your site's posts, pages, comments, categories, and other content. -->
<!-- You may use this file to transfer that content from one site to another. -->
<!-- This file is not intended to serve as a complete backup of your site. -->

<!-- To import this information into a WordPress site follow these steps: -->
<!-- 1. Log in to that site as an administrator. -->
<!-- 2. Go to Tools: Import in the WordPress admin panel. -->
<!-- 3. Install the "WordPress" importer from the list. -->
<!-- 4. Activate & Run Importer. -->
<!-- 5. Upload this file using the form provided on that page. -->
<!-- 6. You will first be asked to map the authors in this export file to users -->
<!--    on the site. For each author, you may choose to map to an -->
<!--    existing user on the site or to create a new user. -->
<!-- 7. WordPress will then import each of the posts, pages, comments, categories, etc. -->
<!--    contained in this file into your site. -->

	<!-- generator="WordPress/5.9.1" created="2022-03-07 02:25" -->
<rss version="2.0"
	xmlns:excerpt="http://wordpress.org/export/1.2/excerpt/"
	xmlns:content="http://purl.org/rss/1.0/modules/content/"
	xmlns:wfw="http://wellformedweb.org/CommentAPI/"
	xmlns:dc="http://purl.org/dc/elements/1.1/"
	xmlns:wp="http://wordpress.org/export/1.2/"
>

<channel>
	<title>La hiérarchie</title>
	<link>https://mdupont.dectim.ca/H22/wp/semaine07/mon/nouveau/site</link>
	<description>Bien comprendre la hiérarchie</description>
	<pubDate>Mon, 07 Mar 2022 02:25:03 +0000</pubDate>
	<language>fr-CA</language>
	<wp:wxr_version>1.2</wp:wxr_version>
	<wp:base_site_url>https://mdupont.dectim.ca/H22/wp/semaine07/mon/nouveau/site</wp:base_site_url>
	<wp:base_blog_url>https://mdupont.dectim.ca/H22/wp/semaine07/mon/nouveau/site</wp:base_blog_url>

		<wp:author><wp:author_id>1</wp:author_id><wp:author_login><![CDATA[mathieudupont]]></wp:author_login><wp:author_email><![CDATA[mathieu.dupont@cegepmontpetit.ca]]></wp:author_email><wp:author_display_name><![CDATA[mathieudupont]]></wp:author_display_name><wp:author_first_name><![CDATA[]]></wp:author_first_name><wp:author_last_name><![CDATA[]]></wp:author_last_name></wp:author>

		<wp:category>
		<wp:term_id>2</wp:term_id>
		<wp:category_nicename><![CDATA[categorie-1]]></wp:category_nicename>
		<wp:category_parent><![CDATA[]]></wp:category_parent>
		<wp:cat_name><![CDATA[Catégorie 1]]></wp:cat_name>
	</wp:category>
		<wp:category>
		<wp:term_id>3</wp:term_id>
		<wp:category_nicename><![CDATA[categorie-2]]></wp:category_nicename>
		<wp:category_parent><![CDATA[]]></wp:category_parent>
		<wp:cat_name><![CDATA[Catégorie 2]]></wp:cat_name>
	</wp:category>
		<wp:category>
		<wp:term_id>1</wp:term_id>
		<wp:category_nicename><![CDATA[non-classe]]></wp:category_nicename>
		<wp:category_parent><![CDATA[]]></wp:category_parent>
		<wp:cat_name><![CDATA[Non classé]]></wp:cat_name>
	</wp:category>
				<wp:term>
		<wp:term_id>2</wp:term_id>
		<wp:term_taxonomy><![CDATA[category]]></wp:term_taxonomy>
		<wp:term_slug><![CDATA[categorie-1]]></wp:term_slug>
		<wp:term_parent><![CDATA[]]></wp:term_parent>
		<wp:term_name><![CDATA[Catégorie 1]]></wp:term_name>
	</wp:term>
		<wp:term>
		<wp:term_id>3</wp:term_id>
		<wp:term_taxonomy><![CDATA[category]]></wp:term_taxonomy>
		<wp:term_slug><![CDATA[categorie-2]]></wp:term_slug>
		<wp:term_parent><![CDATA[]]></wp:term_parent>
		<wp:term_name><![CDATA[Catégorie 2]]></wp:term_name>
	</wp:term>
		<wp:term>
		<wp:term_id>5</wp:term_id>
		<wp:term_taxonomy><![CDATA[wp_theme]]></wp:term_taxonomy>
		<wp:term_slug><![CDATA[hierarchie]]></wp:term_slug>
		<wp:term_parent><![CDATA[]]></wp:term_parent>
		<wp:term_name><![CDATA[hierarchie]]></wp:term_name>
	</wp:term>
		<wp:term>
		<wp:term_id>4</wp:term_id>
		<wp:term_taxonomy><![CDATA[nav_menu]]></wp:term_taxonomy>
		<wp:term_slug><![CDATA[menu-1]]></wp:term_slug>
		<wp:term_parent><![CDATA[]]></wp:term_parent>
		<wp:term_name><![CDATA[Menu 1]]></wp:term_name>
	</wp:term>
		<wp:term>
		<wp:term_id>1</wp:term_id>
		<wp:term_taxonomy><![CDATA[category]]></wp:term_taxonomy>
		<wp:term_slug><![CDATA[non-classe]]></wp:term_slug>
		<wp:term_parent><![CDATA[]]></wp:term_parent>
		<wp:term_name><![CDATA[Non classé]]></wp:term_name>
	</wp:term>
			<wp:term><wp:term_id>4</wp:term_id><wp:term_taxonomy>nav_menu</wp:term_taxonomy><wp:term_slug><![CDATA[menu-1]]></wp:term_slug><wp:term_name><![CDATA[Menu 1]]></wp:term_name>
</wp:term>

	<generator>https://wordpress.org/?v=5.9.1</generator>

		<item>
		<title><![CDATA[Page d’exemple]]></title>
		<link>https://mdupont.dectim.ca/H22/wp/semaine07/mon/nouveau/site/?page_id=2</link>
		<pubDate>Mon, 07 Mar 2022 00:10:08 +0000</pubDate>
		<dc:creator><![CDATA[mathieudupont]]></dc:creator>
		<guid isPermaLink="false">https://mdupont.dectim.ca/H22/wp/semaine07/mon/nouveau/site/?page_id=2</guid>
		<description></description>
		<content:encoded><![CDATA[<!-- wp:paragraph -->
<p>Ceci est une page d’exemple. C’est différent d’un article de blogue parce qu’elle restera au même endroit et apparaîtra dans la navigation de votre site (dans la plupart des thèmes). La plupart des gens commencent par une page « À propos » qui les présente aux visiteurs du site. Cela pourrait ressembler à quelque chose comme ceci :</p>
<!-- /wp:paragraph -->

<!-- wp:quote -->
<blockquote class="wp-block-quote"><p>Bonjour! Je suis un mécanicien qui aspire à devenir acteur, et voici mon site. J’habite à Montréal, j’ai un super chien baptisé Fido, et j’aime le rhum-citron (ainsi qu’être surpris par la pluie soudaine lors de longues balades en forêt au coucher du soleil).</p></blockquote>
<!-- /wp:quote -->

<!-- wp:paragraph -->
<p>... ou quelque chose comme ceci :</p>
<!-- /wp:paragraph -->

<!-- wp:quote -->
<blockquote class="wp-block-quote"><p>La société 123 Patente Chose a été créée en 1971 et n’a cessé de proposer au public des machins-trucs de qualité depuis lors. Située à Saint-Glinglin-des-Meumeu, 123 Patente Chose emploie 2 000 personnes et fabrique toutes sortes de choses intéressantes pour la communauté glinglinoise.</p></blockquote>
<!-- /wp:quote -->

<!-- wp:paragraph -->
<p>En tant que nouvel·le utilisateur·trice de WordPress, vous devriez consulter <a href="https://mdupont.dectim.ca/H22/wp/semaine07/mon/nouveau/site/wp-admin/">votre tableau de bord</a> pour supprimer cette page et créer de nouvelles pages pour votre contenu. Amusez-vous bien!</p>
<!-- /wp:paragraph -->]]></content:encoded>
		<excerpt:encoded><![CDATA[]]></excerpt:encoded>
		<wp:post_id>2</wp:post_id>
		<wp:post_date><![CDATA[2022-03-07 00:10:08]]></wp:post_date>
		<wp:post_date_gmt><![CDATA[2022-03-07 00:10:08]]></wp:post_date_gmt>
		<wp:post_modified><![CDATA[2022-03-07 00:11:18]]></wp:post_modified>
		<wp:post_modified_gmt><![CDATA[2022-03-07 00:11:18]]></wp:post_modified_gmt>
		<wp:comment_status><![CDATA[closed]]></wp:comment_status>
		<wp:ping_status><![CDATA[open]]></wp:ping_status>
		<wp:post_name><![CDATA[page-d-exemple__trashed]]></wp:post_name>
		<wp:status><![CDATA[trash]]></wp:status>
		<wp:post_parent>0</wp:post_parent>
		<wp:menu_order>0</wp:menu_order>
		<wp:post_type><![CDATA[page]]></wp:post_type>
		<wp:post_password><![CDATA[]]></wp:post_password>
		<wp:is_sticky>0</wp:is_sticky>
														<wp:postmeta>
		<wp:meta_key><![CDATA[_wp_page_template]]></wp:meta_key>
		<wp:meta_value><![CDATA[default]]></wp:meta_value>
		</wp:postmeta>
							<wp:postmeta>
		<wp:meta_key><![CDATA[_wp_trash_meta_status]]></wp:meta_key>
		<wp:meta_value><![CDATA[publish]]></wp:meta_value>
		</wp:postmeta>
							<wp:postmeta>
		<wp:meta_key><![CDATA[_wp_trash_meta_time]]></wp:meta_key>
		<wp:meta_value><![CDATA[1646611878]]></wp:meta_value>
		</wp:postmeta>
							<wp:postmeta>
		<wp:meta_key><![CDATA[_wp_desired_post_slug]]></wp:meta_key>
		<wp:meta_value><![CDATA[page-d-exemple]]></wp:meta_value>
		</wp:postmeta>
							</item>
					<item>
		<title><![CDATA[Politique de confidentialité]]></title>
		<link>https://mdupont.dectim.ca/H22/wp/semaine07/mon/nouveau/site/?page_id=3</link>
		<pubDate>Mon, 07 Mar 2022 00:10:08 +0000</pubDate>
		<dc:creator><![CDATA[mathieudupont]]></dc:creator>
		<guid isPermaLink="false">https://mdupont.dectim.ca/H22/wp/semaine07/mon/nouveau/site/?page_id=3</guid>
		<description></description>
		<content:encoded><![CDATA[<!-- wp:heading --><h2>Qui sommes-nous</h2><!-- /wp:heading --><!-- wp:paragraph --><p><strong class="privacy-policy-tutorial">Texte suggéré : </strong>L'adresse de notre site web est : https://mdupont.dectim.ca/H22/wp/semaine07/mon/nouveau/site.</p><!-- /wp:paragraph --><!-- wp:heading --><h2>Commentaires</h2><!-- /wp:heading --><!-- wp:paragraph --><p><strong class="privacy-policy-tutorial">Texte suggéré : </strong>Quand vous laissez un commentaire sur notre site web, les données inscrites dans le formulaire de commentaire, mais aussi votre adresse IP et l’agent utilisateur de votre navigateur sont collectés pour nous aider à la détection des commentaires indésirables.</p><!-- /wp:paragraph --><!-- wp:paragraph --><p>Une chaîne anonymisée créée à partir de votre adresse courriel (également appelée "hash") peut être envoyée au service Gravatar pour vérifier si vous utilisez ce dernier. Les politiques de confidentialité du service Gravatar sont disponibles ici : https://automattic.com/privacy/. Après validation de votre commentaire, votre photo de profil sera visible publiquement à coté de votre commentaire.</p><!-- /wp:paragraph --><!-- wp:heading --><h2>Média</h2><!-- /wp:heading --><!-- wp:paragraph --><p><strong class="privacy-policy-tutorial">Texte suggéré : </strong>Si vous téléversez des images sur le site web, nous vous conseillons d’éviter de téléverser des images contenant des données EXIF contenant des coordonnées GPS. Les visiteurs de ce site web peuvent télécharger et extraire des données de localisation depuis ces images.</p><!-- /wp:paragraph --><!-- wp:heading --><h2>Témoins</h2><!-- /wp:heading --><!-- wp:paragraph --><p><strong class="privacy-policy-tutorial">Texte suggéré : </strong>Si vous laissez un commentaire sur notre site, il vous sera proposé d’enregistrer votre nom, adresse courriel et site web dans des témoins. C’est uniquement pour vous simplifier la vie afin de ne pas avoir à saisir ces informations si vous laissez un autre commentaire plus tard. Ces témoins expirent au bout d’un an.</p><!-- /wp:paragraph --><!-- wp:paragraph --><p>Si vous vous rendez sur la page de connexion, un témoin temporaire sera créé afin de déterminer si votre navigateur accepte les témoins. Il ne contient pas de données personnelles et sera supprimé automatiquement à la fermeture de votre navigateur.</p><!-- /wp:paragraph --><!-- wp:paragraph --><p>Lorsque vous vous connecterez, nous mettrons en place un certain nombre de témoins pour enregistrer vos informations de connexion et vos préférences d’écran. La durée de vie d’un témoin de connexion est de deux jours, celle d’un témoin d’option d’écran est d’un an. Si vous cochez « Se souvenir de moi », votre témoin de connexion sera conservé pendant deux semaines. Si vous vous déconnectez de votre compte, le témoin de connexion sera effacé.</p><!-- /wp:paragraph --><!-- wp:paragraph --><p>En modifiant ou en publiant un article, un témoin supplémentaire sera enregistré dans votre navigateur. Ce témoin ne comprend aucune donnée personnelle. Il indique simplement l’identifiant de l’article que vous venez de modifier. Il expire au bout d’une journée.</p><!-- /wp:paragraph --><!-- wp:heading --><h2>Contenu imbriqué d'autres sites web</h2><!-- /wp:heading --><!-- wp:paragraph --><p><strong class="privacy-policy-tutorial">Texte suggéré : </strong>Les articles de ce site peuvent inclure des contenus intégrés (par exemple des vidéos, images, articles, etc). Le contenu intégré à partir d’autres sites se comporte de la même manière que si le visiteur se rendait sur cet autre site.</p><!-- /wp:paragraph --><!-- wp:paragraph --><p>Ces sites web pourraient recueillir des données sur vous, utiliser des témoins, installer des outils de suivi tierce-partie ou suivre vos interactions avec ces contenus intégrés si vous disposez d’un compte et êtes connecté leur site web.</p><!-- /wp:paragraph --><!-- wp:heading --><h2>Avec qui partageons-nous vos données</h2><!-- /wp:heading --><!-- wp:paragraph --><p><strong class="privacy-policy-tutorial">Texte suggéré : </strong>Si vous demandez une réinitialisation de votre mot de passe, votre adresse IP sera incluse dans le courriel de réinitialisation.</p><!-- /wp:paragraph --><!-- wp:heading --><h2>Pendant combien de temps vos données sont-elles conservées ?</h2><!-- /wp:heading --><!-- wp:paragraph --><p><strong class="privacy-policy-tutorial">Texte suggéré : </strong>Si vous laissez un commentaire, le commentaire et ses métadonnées sont conservés indéfiniment. Ceci permet de reconnaître et approuver automatiquement les commentaires suivants au lieu de les laisser dans la file de modération.</p><!-- /wp:paragraph --><!-- wp:paragraph --><p>Pour les utilisateurs qui s’enregistrent sur notre site (si cela est possible), nous conservons également les données personnelles indiquées dans leur profil. Tous les utilisateurs peuvent voir, modifier ou supprimer leurs informations personnelles à tout moment (à l’exception de leur nom d’utilisateur). Les gestionnaires du site peuvent aussi voir et modifier ces informations.</p><!-- /wp:paragraph --><!-- wp:heading --><h2>Quels sont vos droits sur vos données ?</h2><!-- /wp:heading --><!-- wp:paragraph --><p><strong class="privacy-policy-tutorial">Texte suggéré : </strong>Si vous avez un compte ou si vous avez laissé des commentaires sur ce site, vous pouvez demander à recevoir un fichier contenant toutes les données personnelles que nous possédons à votre sujet, incluant celles que vous nous avez fournies. Vous pouvez également demander la suppression des données personnelles vous concernant. Ceci ne prend pas en compte les données conservées à des fins administratives, légales ou pour des raisons de sécurité.</p><!-- /wp:paragraph --><!-- wp:heading --><h2>Transmission de vos données personnelles</h2><!-- /wp:heading --><!-- wp:paragraph --><p><strong class="privacy-policy-tutorial">Texte suggéré : </strong>Les commentaires des visiteurs peuvent être vérifiés à l’aide d’un service automatisé de détection des commentaires indésirables.</p><!-- /wp:paragraph -->]]></content:encoded>
		<excerpt:encoded><![CDATA[]]></excerpt:encoded>
		<wp:post_id>3</wp:post_id>
		<wp:post_date><![CDATA[2022-03-07 00:10:08]]></wp:post_date>
		<wp:post_date_gmt><![CDATA[2022-03-07 00:10:08]]></wp:post_date_gmt>
		<wp:post_modified><![CDATA[2022-03-07 00:11:20]]></wp:post_modified>
		<wp:post_modified_gmt><![CDATA[2022-03-07 00:11:20]]></wp:post_modified_gmt>
		<wp:comment_status><![CDATA[closed]]></wp:comment_status>
		<wp:ping_status><![CDATA[open]]></wp:ping_status>
		<wp:post_name><![CDATA[politique-de-confidentialite__trashed]]></wp:post_name>
		<wp:status><![CDATA[trash]]></wp:status>
		<wp:post_parent>0</wp:post_parent>
		<wp:menu_order>0</wp:menu_order>
		<wp:post_type><![CDATA[page]]></wp:post_type>
		<wp:post_password><![CDATA[]]></wp:post_password>
		<wp:is_sticky>0</wp:is_sticky>
														<wp:postmeta>
		<wp:meta_key><![CDATA[_wp_page_template]]></wp:meta_key>
		<wp:meta_value><![CDATA[default]]></wp:meta_value>
		</wp:postmeta>
							<wp:postmeta>
		<wp:meta_key><![CDATA[_wp_trash_meta_status]]></wp:meta_key>
		<wp:meta_value><![CDATA[draft]]></wp:meta_value>
		</wp:postmeta>
							<wp:postmeta>
		<wp:meta_key><![CDATA[_wp_trash_meta_time]]></wp:meta_key>
		<wp:meta_value><![CDATA[1646611880]]></wp:meta_value>
		</wp:postmeta>
							<wp:postmeta>
		<wp:meta_key><![CDATA[_wp_desired_post_slug]]></wp:meta_key>
		<wp:meta_value><![CDATA[politique-de-confidentialite]]></wp:meta_value>
		</wp:postmeta>
							</item>
					<item>
		<title><![CDATA[Page 2]]></title>
		<link>https://mdupont.dectim.ca/H22/wp/semaine07/mon/nouveau/site/page-2/</link>
		<pubDate>Sun, 04 Mar 2018 15:07:01 +0000</pubDate>
		<dc:creator><![CDATA[mathieudupont]]></dc:creator>
		<guid isPermaLink="false">https://jfleblanc.dectim.ca/cours/cw4/semaine07/?page_id=5</guid>
		<description></description>
		<content:encoded><![CDATA[Page 2]]></content:encoded>
		<excerpt:encoded><![CDATA[]]></excerpt:encoded>
		<wp:post_id>10</wp:post_id>
		<wp:post_date><![CDATA[2018-03-04 16:07:01]]></wp:post_date>
		<wp:post_date_gmt><![CDATA[2018-03-04 15:07:01]]></wp:post_date_gmt>
		<wp:post_modified><![CDATA[2018-03-04 16:07:01]]></wp:post_modified>
		<wp:post_modified_gmt><![CDATA[2018-03-04 15:07:01]]></wp:post_modified_gmt>
		<wp:comment_status><![CDATA[closed]]></wp:comment_status>
		<wp:ping_status><![CDATA[closed]]></wp:ping_status>
		<wp:post_name><![CDATA[page-2]]></wp:post_name>
		<wp:status><![CDATA[publish]]></wp:status>
		<wp:post_parent>0</wp:post_parent>
		<wp:menu_order>0</wp:menu_order>
		<wp:post_type><![CDATA[page]]></wp:post_type>
		<wp:post_password><![CDATA[]]></wp:post_password>
		<wp:is_sticky>0</wp:is_sticky>
														<wp:postmeta>
		<wp:meta_key><![CDATA[_edit_last]]></wp:meta_key>
		<wp:meta_value><![CDATA[1]]></wp:meta_value>
		</wp:postmeta>
							<wp:postmeta>
		<wp:meta_key><![CDATA[_wp_page_template]]></wp:meta_key>
		<wp:meta_value><![CDATA[default]]></wp:meta_value>
		</wp:postmeta>
							</item>
					<item>
		<title><![CDATA[Page 3]]></title>
		<link>https://mdupont.dectim.ca/H22/wp/semaine07/mon/nouveau/site/page-3/</link>
		<pubDate>Sun, 04 Mar 2018 15:07:32 +0000</pubDate>
		<dc:creator><![CDATA[mathieudupont]]></dc:creator>
		<guid isPermaLink="false">https://jfleblanc.dectim.ca/cours/cw4/semaine07/?page_id=7</guid>
		<description></description>
		<content:encoded><![CDATA[Page 3]]></content:encoded>
		<excerpt:encoded><![CDATA[]]></excerpt:encoded>
		<wp:post_id>11</wp:post_id>
		<wp:post_date><![CDATA[2018-03-04 16:07:32]]></wp:post_date>
		<wp:post_date_gmt><![CDATA[2018-03-04 15:07:32]]></wp:post_date_gmt>
		<wp:post_modified><![CDATA[2018-03-04 16:07:32]]></wp:post_modified>
		<wp:post_modified_gmt><![CDATA[2018-03-04 15:07:32]]></wp:post_modified_gmt>
		<wp:comment_status><![CDATA[closed]]></wp:comment_status>
		<wp:ping_status><![CDATA[closed]]></wp:ping_status>
		<wp:post_name><![CDATA[page-3]]></wp:post_name>
		<wp:status><![CDATA[publish]]></wp:status>
		<wp:post_parent>0</wp:post_parent>
		<wp:menu_order>0</wp:menu_order>
		<wp:post_type><![CDATA[page]]></wp:post_type>
		<wp:post_password><![CDATA[]]></wp:post_password>
		<wp:is_sticky>0</wp:is_sticky>
														<wp:postmeta>
		<wp:meta_key><![CDATA[_edit_last]]></wp:meta_key>
		<wp:meta_value><![CDATA[1]]></wp:meta_value>
		</wp:postmeta>
							<wp:postmeta>
		<wp:meta_key><![CDATA[_wp_page_template]]></wp:meta_key>
		<wp:meta_value><![CDATA[template-gabarit1.php]]></wp:meta_value>
		</wp:postmeta>
							</item>
					<item>
		<title><![CDATA[Page 4]]></title>
		<link>https://mdupont.dectim.ca/H22/wp/semaine07/mon/nouveau/site/page-4/</link>
		<pubDate>Sun, 04 Mar 2018 15:08:36 +0000</pubDate>
		<dc:creator><![CDATA[mathieudupont]]></dc:creator>
		<guid isPermaLink="false">https://jfleblanc.dectim.ca/cours/cw4/semaine07/?page_id=9</guid>
		<description></description>
		<content:encoded><![CDATA[<p>Page 4</p>

<!-- wp:paragraph -->
<p></p>
<!-- /wp:paragraph -->]]></content:encoded>
		<excerpt:encoded><![CDATA[]]></excerpt:encoded>
		<wp:post_id>12</wp:post_id>
		<wp:post_date><![CDATA[2018-03-04 16:08:36]]></wp:post_date>
		<wp:post_date_gmt><![CDATA[2018-03-04 15:08:36]]></wp:post_date_gmt>
		<wp:post_modified><![CDATA[2022-03-07 02:24:54]]></wp:post_modified>
		<wp:post_modified_gmt><![CDATA[2022-03-07 02:24:54]]></wp:post_modified_gmt>
		<wp:comment_status><![CDATA[closed]]></wp:comment_status>
		<wp:ping_status><![CDATA[closed]]></wp:ping_status>
		<wp:post_name><![CDATA[page-4]]></wp:post_name>
		<wp:status><![CDATA[publish]]></wp:status>
		<wp:post_parent>0</wp:post_parent>
		<wp:menu_order>0</wp:menu_order>
		<wp:post_type><![CDATA[page]]></wp:post_type>
		<wp:post_password><![CDATA[]]></wp:post_password>
		<wp:is_sticky>0</wp:is_sticky>
														<wp:postmeta>
		<wp:meta_key><![CDATA[_edit_last]]></wp:meta_key>
		<wp:meta_value><![CDATA[1]]></wp:meta_value>
		</wp:postmeta>
							</item>
					<item>
		<title><![CDATA[]]></title>
		<link>https://mdupont.dectim.ca/H22/wp/semaine07/mon/nouveau/site/2022/03/07/13/</link>
		<pubDate>Mon, 07 Mar 2022 01:36:16 +0000</pubDate>
		<dc:creator><![CDATA[mathieudupont]]></dc:creator>
		<guid isPermaLink="false">https://mdupont.dectim.ca/H22/wp/semaine07/mon/nouveau/site/2022/03/07/</guid>
		<description></description>
		<content:encoded><![CDATA[ ]]></content:encoded>
		<excerpt:encoded><![CDATA[]]></excerpt:encoded>
		<wp:post_id>13</wp:post_id>
		<wp:post_date><![CDATA[2022-03-07 01:36:16]]></wp:post_date>
		<wp:post_date_gmt><![CDATA[2022-03-07 01:36:16]]></wp:post_date_gmt>
		<wp:post_modified><![CDATA[2022-03-07 01:36:16]]></wp:post_modified>
		<wp:post_modified_gmt><![CDATA[2022-03-07 01:36:16]]></wp:post_modified_gmt>
		<wp:comment_status><![CDATA[closed]]></wp:comment_status>
		<wp:ping_status><![CDATA[closed]]></wp:ping_status>
		<wp:post_name><![CDATA[13]]></wp:post_name>
		<wp:status><![CDATA[publish]]></wp:status>
		<wp:post_parent>0</wp:post_parent>
		<wp:menu_order>5</wp:menu_order>
		<wp:post_type><![CDATA[nav_menu_item]]></wp:post_type>
		<wp:post_password><![CDATA[]]></wp:post_password>
		<wp:is_sticky>0</wp:is_sticky>
										<category domain="nav_menu" nicename="menu-1"><![CDATA[Menu 1]]></category>
						<wp:postmeta>
		<wp:meta_key><![CDATA[_menu_item_type]]></wp:meta_key>
		<wp:meta_value><![CDATA[post_type]]></wp:meta_value>
		</wp:postmeta>
							<wp:postmeta>
		<wp:meta_key><![CDATA[_menu_item_menu_item_parent]]></wp:meta_key>
		<wp:meta_value><![CDATA[0]]></wp:meta_value>
		</wp:postmeta>
							<wp:postmeta>
		<wp:meta_key><![CDATA[_menu_item_object_id]]></wp:meta_key>
		<wp:meta_value><![CDATA[12]]></wp:meta_value>
		</wp:postmeta>
							<wp:postmeta>
		<wp:meta_key><![CDATA[_menu_item_object]]></wp:meta_key>
		<wp:meta_value><![CDATA[page]]></wp:meta_value>
		</wp:postmeta>
							<wp:postmeta>
		<wp:meta_key><![CDATA[_menu_item_target]]></wp:meta_key>
		<wp:meta_value><![CDATA[]]></wp:meta_value>
		</wp:postmeta>
							<wp:postmeta>
		<wp:meta_key><![CDATA[_menu_item_classes]]></wp:meta_key>
		<wp:meta_value><![CDATA[a:1:{i:0;s:0:"";}]]></wp:meta_value>
		</wp:postmeta>
							<wp:postmeta>
		<wp:meta_key><![CDATA[_menu_item_xfn]]></wp:meta_key>
		<wp:meta_value><![CDATA[]]></wp:meta_value>
		</wp:postmeta>
							<wp:postmeta>
		<wp:meta_key><![CDATA[_menu_item_url]]></wp:meta_key>
		<wp:meta_value><![CDATA[]]></wp:meta_value>
		</wp:postmeta>
							</item>
					<item>
		<title><![CDATA[]]></title>
		<link>https://mdupont.dectim.ca/H22/wp/semaine07/mon/nouveau/site/2022/03/07/14/</link>
		<pubDate>Mon, 07 Mar 2022 01:36:16 +0000</pubDate>
		<dc:creator><![CDATA[mathieudupont]]></dc:creator>
		<guid isPermaLink="false">https://mdupont.dectim.ca/H22/wp/semaine07/mon/nouveau/site/2022/03/07/</guid>
		<description></description>
		<content:encoded><![CDATA[ ]]></content:encoded>
		<excerpt:encoded><![CDATA[]]></excerpt:encoded>
		<wp:post_id>14</wp:post_id>
		<wp:post_date><![CDATA[2022-03-07 01:36:16]]></wp:post_date>
		<wp:post_date_gmt><![CDATA[2022-03-07 01:36:16]]></wp:post_date_gmt>
		<wp:post_modified><![CDATA[2022-03-07 01:36:16]]></wp:post_modified>
		<wp:post_modified_gmt><![CDATA[2022-03-07 01:36:16]]></wp:post_modified_gmt>
		<wp:comment_status><![CDATA[closed]]></wp:comment_status>
		<wp:ping_status><![CDATA[closed]]></wp:ping_status>
		<wp:post_name><![CDATA[14]]></wp:post_name>
		<wp:status><![CDATA[publish]]></wp:status>
		<wp:post_parent>0</wp:post_parent>
		<wp:menu_order>4</wp:menu_order>
		<wp:post_type><![CDATA[nav_menu_item]]></wp:post_type>
		<wp:post_password><![CDATA[]]></wp:post_password>
		<wp:is_sticky>0</wp:is_sticky>
										<category domain="nav_menu" nicename="menu-1"><![CDATA[Menu 1]]></category>
						<wp:postmeta>
		<wp:meta_key><![CDATA[_menu_item_type]]></wp:meta_key>
		<wp:meta_value><![CDATA[post_type]]></wp:meta_value>
		</wp:postmeta>
							<wp:postmeta>
		<wp:meta_key><![CDATA[_menu_item_menu_item_parent]]></wp:meta_key>
		<wp:meta_value><![CDATA[0]]></wp:meta_value>
		</wp:postmeta>
							<wp:postmeta>
		<wp:meta_key><![CDATA[_menu_item_object_id]]></wp:meta_key>
		<wp:meta_value><![CDATA[11]]></wp:meta_value>
		</wp:postmeta>
							<wp:postmeta>
		<wp:meta_key><![CDATA[_menu_item_object]]></wp:meta_key>
		<wp:meta_value><![CDATA[page]]></wp:meta_value>
		</wp:postmeta>
							<wp:postmeta>
		<wp:meta_key><![CDATA[_menu_item_target]]></wp:meta_key>
		<wp:meta_value><![CDATA[]]></wp:meta_value>
		</wp:postmeta>
							<wp:postmeta>
		<wp:meta_key><![CDATA[_menu_item_classes]]></wp:meta_key>
		<wp:meta_value><![CDATA[a:1:{i:0;s:0:"";}]]></wp:meta_value>
		</wp:postmeta>
							<wp:postmeta>
		<wp:meta_key><![CDATA[_menu_item_xfn]]></wp:meta_key>
		<wp:meta_value><![CDATA[]]></wp:meta_value>
		</wp:postmeta>
							<wp:postmeta>
		<wp:meta_key><![CDATA[_menu_item_url]]></wp:meta_key>
		<wp:meta_value><![CDATA[]]></wp:meta_value>
		</wp:postmeta>
							</item>
					<item>
		<title><![CDATA[]]></title>
		<link>https://mdupont.dectim.ca/H22/wp/semaine07/mon/nouveau/site/2022/03/07/15/</link>
		<pubDate>Mon, 07 Mar 2022 01:36:16 +0000</pubDate>
		<dc:creator><![CDATA[mathieudupont]]></dc:creator>
		<guid isPermaLink="false">https://mdupont.dectim.ca/H22/wp/semaine07/mon/nouveau/site/2022/03/07/</guid>
		<description></description>
		<content:encoded><![CDATA[ ]]></content:encoded>
		<excerpt:encoded><![CDATA[]]></excerpt:encoded>
		<wp:post_id>15</wp:post_id>
		<wp:post_date><![CDATA[2022-03-07 01:36:16]]></wp:post_date>
		<wp:post_date_gmt><![CDATA[2022-03-07 01:36:16]]></wp:post_date_gmt>
		<wp:post_modified><![CDATA[2022-03-07 01:36:16]]></wp:post_modified>
		<wp:post_modified_gmt><![CDATA[2022-03-07 01:36:16]]></wp:post_modified_gmt>
		<wp:comment_status><![CDATA[closed]]></wp:comment_status>
		<wp:ping_status><![CDATA[closed]]></wp:ping_status>
		<wp:post_name><![CDATA[15]]></wp:post_name>
		<wp:status><![CDATA[publish]]></wp:status>
		<wp:post_parent>0</wp:post_parent>
		<wp:menu_order>3</wp:menu_order>
		<wp:post_type><![CDATA[nav_menu_item]]></wp:post_type>
		<wp:post_password><![CDATA[]]></wp:post_password>
		<wp:is_sticky>0</wp:is_sticky>
										<category domain="nav_menu" nicename="menu-1"><![CDATA[Menu 1]]></category>
						<wp:postmeta>
		<wp:meta_key><![CDATA[_menu_item_type]]></wp:meta_key>
		<wp:meta_value><![CDATA[post_type]]></wp:meta_value>
		</wp:postmeta>
							<wp:postmeta>
		<wp:meta_key><![CDATA[_menu_item_menu_item_parent]]></wp:meta_key>
		<wp:meta_value><![CDATA[0]]></wp:meta_value>
		</wp:postmeta>
							<wp:postmeta>
		<wp:meta_key><![CDATA[_menu_item_object_id]]></wp:meta_key>
		<wp:meta_value><![CDATA[10]]></wp:meta_value>
		</wp:postmeta>
							<wp:postmeta>
		<wp:meta_key><![CDATA[_menu_item_object]]></wp:meta_key>
		<wp:meta_value><![CDATA[page]]></wp:meta_value>
		</wp:postmeta>
							<wp:postmeta>
		<wp:meta_key><![CDATA[_menu_item_target]]></wp:meta_key>
		<wp:meta_value><![CDATA[]]></wp:meta_value>
		</wp:postmeta>
							<wp:postmeta>
		<wp:meta_key><![CDATA[_menu_item_classes]]></wp:meta_key>
		<wp:meta_value><![CDATA[a:1:{i:0;s:0:"";}]]></wp:meta_value>
		</wp:postmeta>
							<wp:postmeta>
		<wp:meta_key><![CDATA[_menu_item_xfn]]></wp:meta_key>
		<wp:meta_value><![CDATA[]]></wp:meta_value>
		</wp:postmeta>
							<wp:postmeta>
		<wp:meta_key><![CDATA[_menu_item_url]]></wp:meta_key>
		<wp:meta_value><![CDATA[]]></wp:meta_value>
		</wp:postmeta>
							</item>
					<item>
		<title><![CDATA[]]></title>
		<link>https://mdupont.dectim.ca/H22/wp/semaine07/mon/nouveau/site/2022/03/07/16/</link>
		<pubDate>Mon, 07 Mar 2022 01:36:16 +0000</pubDate>
		<dc:creator><![CDATA[mathieudupont]]></dc:creator>
		<guid isPermaLink="false">https://mdupont.dectim.ca/H22/wp/semaine07/mon/nouveau/site/2022/03/07/</guid>
		<description></description>
		<content:encoded><![CDATA[ ]]></content:encoded>
		<excerpt:encoded><![CDATA[]]></excerpt:encoded>
		<wp:post_id>16</wp:post_id>
		<wp:post_date><![CDATA[2022-03-07 01:36:16]]></wp:post_date>
		<wp:post_date_gmt><![CDATA[2022-03-07 01:36:16]]></wp:post_date_gmt>
		<wp:post_modified><![CDATA[2022-03-07 01:36:16]]></wp:post_modified>
		<wp:post_modified_gmt><![CDATA[2022-03-07 01:36:16]]></wp:post_modified_gmt>
		<wp:comment_status><![CDATA[closed]]></wp:comment_status>
		<wp:ping_status><![CDATA[closed]]></wp:ping_status>
		<wp:post_name><![CDATA[16]]></wp:post_name>
		<wp:status><![CDATA[publish]]></wp:status>
		<wp:post_parent>0</wp:post_parent>
		<wp:menu_order>9</wp:menu_order>
		<wp:post_type><![CDATA[nav_menu_item]]></wp:post_type>
		<wp:post_password><![CDATA[]]></wp:post_password>
		<wp:is_sticky>0</wp:is_sticky>
										<category domain="nav_menu" nicename="menu-1"><![CDATA[Menu 1]]></category>
						<wp:postmeta>
		<wp:meta_key><![CDATA[_menu_item_type]]></wp:meta_key>
		<wp:meta_value><![CDATA[taxonomy]]></wp:meta_value>
		</wp:postmeta>
							<wp:postmeta>
		<wp:meta_key><![CDATA[_menu_item_menu_item_parent]]></wp:meta_key>
		<wp:meta_value><![CDATA[0]]></wp:meta_value>
		</wp:postmeta>
							<wp:postmeta>
		<wp:meta_key><![CDATA[_menu_item_object_id]]></wp:meta_key>
		<wp:meta_value><![CDATA[2]]></wp:meta_value>
		</wp:postmeta>
							<wp:postmeta>
		<wp:meta_key><![CDATA[_menu_item_object]]></wp:meta_key>
		<wp:meta_value><![CDATA[category]]></wp:meta_value>
		</wp:postmeta>
							<wp:postmeta>
		<wp:meta_key><![CDATA[_menu_item_target]]></wp:meta_key>
		<wp:meta_value><![CDATA[]]></wp:meta_value>
		</wp:postmeta>
							<wp:postmeta>
		<wp:meta_key><![CDATA[_menu_item_classes]]></wp:meta_key>
		<wp:meta_value><![CDATA[a:1:{i:0;s:0:"";}]]></wp:meta_value>
		</wp:postmeta>
							<wp:postmeta>
		<wp:meta_key><![CDATA[_menu_item_xfn]]></wp:meta_key>
		<wp:meta_value><![CDATA[]]></wp:meta_value>
		</wp:postmeta>
							<wp:postmeta>
		<wp:meta_key><![CDATA[_menu_item_url]]></wp:meta_key>
		<wp:meta_value><![CDATA[]]></wp:meta_value>
		</wp:postmeta>
							</item>
					<item>
		<title><![CDATA[]]></title>
		<link>https://mdupont.dectim.ca/H22/wp/semaine07/mon/nouveau/site/2022/03/07/17/</link>
		<pubDate>Mon, 07 Mar 2022 01:36:16 +0000</pubDate>
		<dc:creator><![CDATA[mathieudupont]]></dc:creator>
		<guid isPermaLink="false">https://mdupont.dectim.ca/H22/wp/semaine07/mon/nouveau/site/2022/03/07/</guid>
		<description></description>
		<content:encoded><![CDATA[ ]]></content:encoded>
		<excerpt:encoded><![CDATA[]]></excerpt:encoded>
		<wp:post_id>17</wp:post_id>
		<wp:post_date><![CDATA[2022-03-07 01:36:16]]></wp:post_date>
		<wp:post_date_gmt><![CDATA[2022-03-07 01:36:16]]></wp:post_date_gmt>
		<wp:post_modified><![CDATA[2022-03-07 01:36:16]]></wp:post_modified>
		<wp:post_modified_gmt><![CDATA[2022-03-07 01:36:16]]></wp:post_modified_gmt>
		<wp:comment_status><![CDATA[closed]]></wp:comment_status>
		<wp:ping_status><![CDATA[closed]]></wp:ping_status>
		<wp:post_name><![CDATA[17]]></wp:post_name>
		<wp:status><![CDATA[publish]]></wp:status>
		<wp:post_parent>0</wp:post_parent>
		<wp:menu_order>10</wp:menu_order>
		<wp:post_type><![CDATA[nav_menu_item]]></wp:post_type>
		<wp:post_password><![CDATA[]]></wp:post_password>
		<wp:is_sticky>0</wp:is_sticky>
										<category domain="nav_menu" nicename="menu-1"><![CDATA[Menu 1]]></category>
						<wp:postmeta>
		<wp:meta_key><![CDATA[_menu_item_type]]></wp:meta_key>
		<wp:meta_value><![CDATA[taxonomy]]></wp:meta_value>
		</wp:postmeta>
							<wp:postmeta>
		<wp:meta_key><![CDATA[_menu_item_menu_item_parent]]></wp:meta_key>
		<wp:meta_value><![CDATA[0]]></wp:meta_value>
		</wp:postmeta>
							<wp:postmeta>
		<wp:meta_key><![CDATA[_menu_item_object_id]]></wp:meta_key>
		<wp:meta_value><![CDATA[3]]></wp:meta_value>
		</wp:postmeta>
							<wp:postmeta>
		<wp:meta_key><![CDATA[_menu_item_object]]></wp:meta_key>
		<wp:meta_value><![CDATA[category]]></wp:meta_value>
		</wp:postmeta>
							<wp:postmeta>
		<wp:meta_key><![CDATA[_menu_item_target]]></wp:meta_key>
		<wp:meta_value><![CDATA[]]></wp:meta_value>
		</wp:postmeta>
							<wp:postmeta>
		<wp:meta_key><![CDATA[_menu_item_classes]]></wp:meta_key>
		<wp:meta_value><![CDATA[a:1:{i:0;s:0:"";}]]></wp:meta_value>
		</wp:postmeta>
							<wp:postmeta>
		<wp:meta_key><![CDATA[_menu_item_xfn]]></wp:meta_key>
		<wp:meta_value><![CDATA[]]></wp:meta_value>
		</wp:postmeta>
							<wp:postmeta>
		<wp:meta_key><![CDATA[_menu_item_url]]></wp:meta_key>
		<wp:meta_value><![CDATA[]]></wp:meta_value>
		</wp:postmeta>
							</item>
					<item>
		<title><![CDATA[Ma page accueil - Titre]]></title>
		<link>https://mdupont.dectim.ca/H22/wp/semaine07/mon/nouveau/site/</link>
		<pubDate>Sun, 04 Mar 2018 16:08:25 +0000</pubDate>
		<dc:creator><![CDATA[mathieudupont]]></dc:creator>
		<guid isPermaLink="false">https://jfleblanc.dectim.ca/cours/cw4/semaine07/?page_id=38</guid>
		<description></description>
		<content:encoded><![CDATA[Le contenu de ma page d'accueil. - Content]]></content:encoded>
		<excerpt:encoded><![CDATA[]]></excerpt:encoded>
		<wp:post_id>38</wp:post_id>
		<wp:post_date><![CDATA[2018-03-04 17:08:25]]></wp:post_date>
		<wp:post_date_gmt><![CDATA[2018-03-04 16:08:25]]></wp:post_date_gmt>
		<wp:post_modified><![CDATA[2018-03-04 17:08:25]]></wp:post_modified>
		<wp:post_modified_gmt><![CDATA[2018-03-04 16:08:25]]></wp:post_modified_gmt>
		<wp:comment_status><![CDATA[closed]]></wp:comment_status>
		<wp:ping_status><![CDATA[closed]]></wp:ping_status>
		<wp:post_name><![CDATA[page-accueil]]></wp:post_name>
		<wp:status><![CDATA[publish]]></wp:status>
		<wp:post_parent>0</wp:post_parent>
		<wp:menu_order>0</wp:menu_order>
		<wp:post_type><![CDATA[page]]></wp:post_type>
		<wp:post_password><![CDATA[]]></wp:post_password>
		<wp:is_sticky>0</wp:is_sticky>
														<wp:postmeta>
		<wp:meta_key><![CDATA[_edit_last]]></wp:meta_key>
		<wp:meta_value><![CDATA[1]]></wp:meta_value>
		</wp:postmeta>
							<wp:postmeta>
		<wp:meta_key><![CDATA[_wp_page_template]]></wp:meta_key>
		<wp:meta_value><![CDATA[default]]></wp:meta_value>
		</wp:postmeta>
							</item>
					<item>
		<title><![CDATA[Ma page accueil – Titre]]></title>
		<link>https://mdupont.dectim.ca/H22/wp/semaine07/mon/nouveau/site/2022/03/07/ma-page-accueil-titre/</link>
		<pubDate>Mon, 07 Mar 2022 01:36:16 +0000</pubDate>
		<dc:creator><![CDATA[mathieudupont]]></dc:creator>
		<guid isPermaLink="false">https://mdupont.dectim.ca/H22/wp/semaine07/mon/nouveau/site/2022/03/07/ma-page-accueil-titre/</guid>
		<description></description>
		<content:encoded><![CDATA[]]></content:encoded>
		<excerpt:encoded><![CDATA[]]></excerpt:encoded>
		<wp:post_id>39</wp:post_id>
		<wp:post_date><![CDATA[2022-03-07 01:36:16]]></wp:post_date>
		<wp:post_date_gmt><![CDATA[2022-03-07 01:36:16]]></wp:post_date_gmt>
		<wp:post_modified><![CDATA[2022-03-07 01:36:16]]></wp:post_modified>
		<wp:post_modified_gmt><![CDATA[2022-03-07 01:36:16]]></wp:post_modified_gmt>
		<wp:comment_status><![CDATA[closed]]></wp:comment_status>
		<wp:ping_status><![CDATA[closed]]></wp:ping_status>
		<wp:post_name><![CDATA[ma-page-accueil-titre]]></wp:post_name>
		<wp:status><![CDATA[publish]]></wp:status>
		<wp:post_parent>0</wp:post_parent>
		<wp:menu_order>1</wp:menu_order>
		<wp:post_type><![CDATA[nav_menu_item]]></wp:post_type>
		<wp:post_password><![CDATA[]]></wp:post_password>
		<wp:is_sticky>0</wp:is_sticky>
										<category domain="nav_menu" nicename="menu-1"><![CDATA[Menu 1]]></category>
						<wp:postmeta>
		<wp:meta_key><![CDATA[_menu_item_type]]></wp:meta_key>
		<wp:meta_value><![CDATA[post_type]]></wp:meta_value>
		</wp:postmeta>
							<wp:postmeta>
		<wp:meta_key><![CDATA[_menu_item_menu_item_parent]]></wp:meta_key>
		<wp:meta_value><![CDATA[0]]></wp:meta_value>
		</wp:postmeta>
							<wp:postmeta>
		<wp:meta_key><![CDATA[_menu_item_object_id]]></wp:meta_key>
		<wp:meta_value><![CDATA[38]]></wp:meta_value>
		</wp:postmeta>
							<wp:postmeta>
		<wp:meta_key><![CDATA[_menu_item_object]]></wp:meta_key>
		<wp:meta_value><![CDATA[page]]></wp:meta_value>
		</wp:postmeta>
							<wp:postmeta>
		<wp:meta_key><![CDATA[_menu_item_target]]></wp:meta_key>
		<wp:meta_value><![CDATA[]]></wp:meta_value>
		</wp:postmeta>
							<wp:postmeta>
		<wp:meta_key><![CDATA[_menu_item_classes]]></wp:meta_key>
		<wp:meta_value><![CDATA[a:1:{i:0;s:0:"";}]]></wp:meta_value>
		</wp:postmeta>
							<wp:postmeta>
		<wp:meta_key><![CDATA[_menu_item_xfn]]></wp:meta_key>
		<wp:meta_value><![CDATA[]]></wp:meta_value>
		</wp:postmeta>
							<wp:postmeta>
		<wp:meta_key><![CDATA[_menu_item_url]]></wp:meta_key>
		<wp:meta_value><![CDATA[]]></wp:meta_value>
		</wp:postmeta>
							</item>
					<item>
		<title><![CDATA[Page 1]]></title>
		<link>https://mdupont.dectim.ca/H22/wp/semaine07/mon/nouveau/site/page-1/</link>
		<pubDate>Sun, 04 Mar 2018 16:21:17 +0000</pubDate>
		<dc:creator><![CDATA[mathieudupont]]></dc:creator>
		<guid isPermaLink="false">https://jfleblanc.dectim.ca/cours/cw4/semaine07/?page_id=43</guid>
		<description></description>
		<content:encoded><![CDATA[Page 1]]></content:encoded>
		<excerpt:encoded><![CDATA[]]></excerpt:encoded>
		<wp:post_id>43</wp:post_id>
		<wp:post_date><![CDATA[2018-03-04 17:21:17]]></wp:post_date>
		<wp:post_date_gmt><![CDATA[2018-03-04 16:21:17]]></wp:post_date_gmt>
		<wp:post_modified><![CDATA[2018-03-04 17:21:17]]></wp:post_modified>
		<wp:post_modified_gmt><![CDATA[2018-03-04 16:21:17]]></wp:post_modified_gmt>
		<wp:comment_status><![CDATA[closed]]></wp:comment_status>
		<wp:ping_status><![CDATA[closed]]></wp:ping_status>
		<wp:post_name><![CDATA[page-1]]></wp:post_name>
		<wp:status><![CDATA[publish]]></wp:status>
		<wp:post_parent>0</wp:post_parent>
		<wp:menu_order>0</wp:menu_order>
		<wp:post_type><![CDATA[page]]></wp:post_type>
		<wp:post_password><![CDATA[]]></wp:post_password>
		<wp:is_sticky>0</wp:is_sticky>
														<wp:postmeta>
		<wp:meta_key><![CDATA[_wp_page_template]]></wp:meta_key>
		<wp:meta_value><![CDATA[default]]></wp:meta_value>
		</wp:postmeta>
							<wp:postmeta>
		<wp:meta_key><![CDATA[_edit_last]]></wp:meta_key>
		<wp:meta_value><![CDATA[1]]></wp:meta_value>
		</wp:postmeta>
							</item>
					<item>
		<title><![CDATA[]]></title>
		<link>https://mdupont.dectim.ca/H22/wp/semaine07/mon/nouveau/site/2022/03/07/44/</link>
		<pubDate>Mon, 07 Mar 2022 01:36:16 +0000</pubDate>
		<dc:creator><![CDATA[mathieudupont]]></dc:creator>
		<guid isPermaLink="false">https://mdupont.dectim.ca/H22/wp/semaine07/mon/nouveau/site/2022/03/07/</guid>
		<description></description>
		<content:encoded><![CDATA[ ]]></content:encoded>
		<excerpt:encoded><![CDATA[]]></excerpt:encoded>
		<wp:post_id>44</wp:post_id>
		<wp:post_date><![CDATA[2022-03-07 01:36:16]]></wp:post_date>
		<wp:post_date_gmt><![CDATA[2022-03-07 01:36:16]]></wp:post_date_gmt>
		<wp:post_modified><![CDATA[2022-03-07 01:36:16]]></wp:post_modified>
		<wp:post_modified_gmt><![CDATA[2022-03-07 01:36:16]]></wp:post_modified_gmt>
		<wp:comment_status><![CDATA[closed]]></wp:comment_status>
		<wp:ping_status><![CDATA[closed]]></wp:ping_status>
		<wp:post_name><![CDATA[44]]></wp:post_name>
		<wp:status><![CDATA[publish]]></wp:status>
		<wp:post_parent>0</wp:post_parent>
		<wp:menu_order>2</wp:menu_order>
		<wp:post_type><![CDATA[nav_menu_item]]></wp:post_type>
		<wp:post_password><![CDATA[]]></wp:post_password>
		<wp:is_sticky>0</wp:is_sticky>
										<category domain="nav_menu" nicename="menu-1"><![CDATA[Menu 1]]></category>
						<wp:postmeta>
		<wp:meta_key><![CDATA[_menu_item_type]]></wp:meta_key>
		<wp:meta_value><![CDATA[post_type]]></wp:meta_value>
		</wp:postmeta>
							<wp:postmeta>
		<wp:meta_key><![CDATA[_menu_item_menu_item_parent]]></wp:meta_key>
		<wp:meta_value><![CDATA[0]]></wp:meta_value>
		</wp:postmeta>
							<wp:postmeta>
		<wp:meta_key><![CDATA[_menu_item_object_id]]></wp:meta_key>
		<wp:meta_value><![CDATA[43]]></wp:meta_value>
		</wp:postmeta>
							<wp:postmeta>
		<wp:meta_key><![CDATA[_menu_item_object]]></wp:meta_key>
		<wp:meta_value><![CDATA[page]]></wp:meta_value>
		</wp:postmeta>
							<wp:postmeta>
		<wp:meta_key><![CDATA[_menu_item_target]]></wp:meta_key>
		<wp:meta_value><![CDATA[]]></wp:meta_value>
		</wp:postmeta>
							<wp:postmeta>
		<wp:meta_key><![CDATA[_menu_item_classes]]></wp:meta_key>
		<wp:meta_value><![CDATA[a:1:{i:0;s:0:"";}]]></wp:meta_value>
		</wp:postmeta>
							<wp:postmeta>
		<wp:meta_key><![CDATA[_menu_item_xfn]]></wp:meta_key>
		<wp:meta_value><![CDATA[]]></wp:meta_value>
		</wp:postmeta>
							<wp:postmeta>
		<wp:meta_key><![CDATA[_menu_item_url]]></wp:meta_key>
		<wp:meta_value><![CDATA[]]></wp:meta_value>
		</wp:postmeta>
							</item>
					<item>
		<title><![CDATA[Article 1]]></title>
		<link>https://mdupont.dectim.ca/H22/wp/semaine07/mon/nouveau/site/2018/03/04/article-1/</link>
		<pubDate>Sun, 04 Mar 2018 15:10:12 +0000</pubDate>
		<dc:creator><![CDATA[mathieudupont]]></dc:creator>
		<guid isPermaLink="false">https://jfleblanc.dectim.ca/cours/cw4/semaine07/?p=12</guid>
		<description></description>
		<content:encoded><![CDATA[Article 1]]></content:encoded>
		<excerpt:encoded><![CDATA[]]></excerpt:encoded>
		<wp:post_id>46</wp:post_id>
		<wp:post_date><![CDATA[2018-03-04 16:10:12]]></wp:post_date>
		<wp:post_date_gmt><![CDATA[2018-03-04 15:10:12]]></wp:post_date_gmt>
		<wp:post_modified><![CDATA[2018-03-04 16:10:12]]></wp:post_modified>
		<wp:post_modified_gmt><![CDATA[2018-03-04 15:10:12]]></wp:post_modified_gmt>
		<wp:comment_status><![CDATA[open]]></wp:comment_status>
		<wp:ping_status><![CDATA[open]]></wp:ping_status>
		<wp:post_name><![CDATA[article-1]]></wp:post_name>
		<wp:status><![CDATA[publish]]></wp:status>
		<wp:post_parent>0</wp:post_parent>
		<wp:menu_order>0</wp:menu_order>
		<wp:post_type><![CDATA[post]]></wp:post_type>
		<wp:post_password><![CDATA[]]></wp:post_password>
		<wp:is_sticky>0</wp:is_sticky>
										<category domain="category" nicename="categorie-1"><![CDATA[Catégorie 1]]></category>
						<wp:postmeta>
		<wp:meta_key><![CDATA[_edit_last]]></wp:meta_key>
		<wp:meta_value><![CDATA[1]]></wp:meta_value>
		</wp:postmeta>
							</item>
					<item>
		<title><![CDATA[Article 2]]></title>
		<link>https://mdupont.dectim.ca/H22/wp/semaine07/mon/nouveau/site/2018/03/04/article-2/</link>
		<pubDate>Sun, 04 Mar 2018 15:09:44 +0000</pubDate>
		<dc:creator><![CDATA[mathieudupont]]></dc:creator>
		<guid isPermaLink="false">https://jfleblanc.dectim.ca/cours/cw4/semaine07/?p=14</guid>
		<description></description>
		<content:encoded><![CDATA[Article 2]]></content:encoded>
		<excerpt:encoded><![CDATA[]]></excerpt:encoded>
		<wp:post_id>47</wp:post_id>
		<wp:post_date><![CDATA[2018-03-04 16:09:44]]></wp:post_date>
		<wp:post_date_gmt><![CDATA[2018-03-04 15:09:44]]></wp:post_date_gmt>
		<wp:post_modified><![CDATA[2018-03-04 16:09:44]]></wp:post_modified>
		<wp:post_modified_gmt><![CDATA[2018-03-04 15:09:44]]></wp:post_modified_gmt>
		<wp:comment_status><![CDATA[open]]></wp:comment_status>
		<wp:ping_status><![CDATA[open]]></wp:ping_status>
		<wp:post_name><![CDATA[article-2]]></wp:post_name>
		<wp:status><![CDATA[publish]]></wp:status>
		<wp:post_parent>0</wp:post_parent>
		<wp:menu_order>0</wp:menu_order>
		<wp:post_type><![CDATA[post]]></wp:post_type>
		<wp:post_password><![CDATA[]]></wp:post_password>
		<wp:is_sticky>0</wp:is_sticky>
										<category domain="category" nicename="categorie-2"><![CDATA[Catégorie 2]]></category>
						<wp:postmeta>
		<wp:meta_key><![CDATA[_edit_last]]></wp:meta_key>
		<wp:meta_value><![CDATA[1]]></wp:meta_value>
		</wp:postmeta>
							<wp:postmeta>
		<wp:meta_key><![CDATA[_wp_old_slug]]></wp:meta_key>
		<wp:meta_value><![CDATA[article-2__trashed]]></wp:meta_value>
		</wp:postmeta>
							</item>
					<item>
		<title><![CDATA[Article 3]]></title>
		<link>https://mdupont.dectim.ca/H22/wp/semaine07/mon/nouveau/site/2018/03/04/article-3/</link>
		<pubDate>Sun, 04 Mar 2018 15:10:05 +0000</pubDate>
		<dc:creator><![CDATA[mathieudupont]]></dc:creator>
		<guid isPermaLink="false">https://jfleblanc.dectim.ca/cours/cw4/semaine07/?p=16</guid>
		<description></description>
		<content:encoded><![CDATA[Article 3]]></content:encoded>
		<excerpt:encoded><![CDATA[]]></excerpt:encoded>
		<wp:post_id>48</wp:post_id>
		<wp:post_date><![CDATA[2018-03-04 16:10:05]]></wp:post_date>
		<wp:post_date_gmt><![CDATA[2018-03-04 15:10:05]]></wp:post_date_gmt>
		<wp:post_modified><![CDATA[2018-03-04 16:10:05]]></wp:post_modified>
		<wp:post_modified_gmt><![CDATA[2018-03-04 15:10:05]]></wp:post_modified_gmt>
		<wp:comment_status><![CDATA[open]]></wp:comment_status>
		<wp:ping_status><![CDATA[open]]></wp:ping_status>
		<wp:post_name><![CDATA[article-3]]></wp:post_name>
		<wp:status><![CDATA[publish]]></wp:status>
		<wp:post_parent>0</wp:post_parent>
		<wp:menu_order>0</wp:menu_order>
		<wp:post_type><![CDATA[post]]></wp:post_type>
		<wp:post_password><![CDATA[]]></wp:post_password>
		<wp:is_sticky>0</wp:is_sticky>
										<category domain="category" nicename="categorie-2"><![CDATA[Catégorie 2]]></category>
						<wp:postmeta>
		<wp:meta_key><![CDATA[_edit_last]]></wp:meta_key>
		<wp:meta_value><![CDATA[1]]></wp:meta_value>
		</wp:postmeta>
							</item>
					<item>
		<title><![CDATA[]]></title>
		<link>https://mdupont.dectim.ca/H22/wp/semaine07/mon/nouveau/site/2022/03/07/49/</link>
		<pubDate>Mon, 07 Mar 2022 01:36:16 +0000</pubDate>
		<dc:creator><![CDATA[mathieudupont]]></dc:creator>
		<guid isPermaLink="false">https://mdupont.dectim.ca/H22/wp/semaine07/mon/nouveau/site/2022/03/07/</guid>
		<description></description>
		<content:encoded><![CDATA[ ]]></content:encoded>
		<excerpt:encoded><![CDATA[]]></excerpt:encoded>
		<wp:post_id>49</wp:post_id>
		<wp:post_date><![CDATA[2022-03-07 01:36:16]]></wp:post_date>
		<wp:post_date_gmt><![CDATA[2022-03-07 01:36:16]]></wp:post_date_gmt>
		<wp:post_modified><![CDATA[2022-03-07 01:36:16]]></wp:post_modified>
		<wp:post_modified_gmt><![CDATA[2022-03-07 01:36:16]]></wp:post_modified_gmt>
		<wp:comment_status><![CDATA[closed]]></wp:comment_status>
		<wp:ping_status><![CDATA[closed]]></wp:ping_status>
		<wp:post_name><![CDATA[49]]></wp:post_name>
		<wp:status><![CDATA[publish]]></wp:status>
		<wp:post_parent>0</wp:post_parent>
		<wp:menu_order>6</wp:menu_order>
		<wp:post_type><![CDATA[nav_menu_item]]></wp:post_type>
		<wp:post_password><![CDATA[]]></wp:post_password>
		<wp:is_sticky>0</wp:is_sticky>
										<category domain="nav_menu" nicename="menu-1"><![CDATA[Menu 1]]></category>
						<wp:postmeta>
		<wp:meta_key><![CDATA[_menu_item_type]]></wp:meta_key>
		<wp:meta_value><![CDATA[post_type]]></wp:meta_value>
		</wp:postmeta>
							<wp:postmeta>
		<wp:meta_key><![CDATA[_menu_item_menu_item_parent]]></wp:meta_key>
		<wp:meta_value><![CDATA[13]]></wp:meta_value>
		</wp:postmeta>
							<wp:postmeta>
		<wp:meta_key><![CDATA[_menu_item_object_id]]></wp:meta_key>
		<wp:meta_value><![CDATA[46]]></wp:meta_value>
		</wp:postmeta>
							<wp:postmeta>
		<wp:meta_key><![CDATA[_menu_item_object]]></wp:meta_key>
		<wp:meta_value><![CDATA[post]]></wp:meta_value>
		</wp:postmeta>
							<wp:postmeta>
		<wp:meta_key><![CDATA[_menu_item_target]]></wp:meta_key>
		<wp:meta_value><![CDATA[]]></wp:meta_value>
		</wp:postmeta>
							<wp:postmeta>
		<wp:meta_key><![CDATA[_menu_item_classes]]></wp:meta_key>
		<wp:meta_value><![CDATA[a:1:{i:0;s:0:"";}]]></wp:meta_value>
		</wp:postmeta>
							<wp:postmeta>
		<wp:meta_key><![CDATA[_menu_item_xfn]]></wp:meta_key>
		<wp:meta_value><![CDATA[]]></wp:meta_value>
		</wp:postmeta>
							<wp:postmeta>
		<wp:meta_key><![CDATA[_menu_item_url]]></wp:meta_key>
		<wp:meta_value><![CDATA[]]></wp:meta_value>
		</wp:postmeta>
							</item>
					<item>
		<title><![CDATA[]]></title>
		<link>https://mdupont.dectim.ca/H22/wp/semaine07/mon/nouveau/site/2022/03/07/50/</link>
		<pubDate>Mon, 07 Mar 2022 01:36:16 +0000</pubDate>
		<dc:creator><![CDATA[mathieudupont]]></dc:creator>
		<guid isPermaLink="false">https://mdupont.dectim.ca/H22/wp/semaine07/mon/nouveau/site/2022/03/07/</guid>
		<description></description>
		<content:encoded><![CDATA[ ]]></content:encoded>
		<excerpt:encoded><![CDATA[]]></excerpt:encoded>
		<wp:post_id>50</wp:post_id>
		<wp:post_date><![CDATA[2022-03-07 01:36:16]]></wp:post_date>
		<wp:post_date_gmt><![CDATA[2022-03-07 01:36:16]]></wp:post_date_gmt>
		<wp:post_modified><![CDATA[2022-03-07 01:36:16]]></wp:post_modified>
		<wp:post_modified_gmt><![CDATA[2022-03-07 01:36:16]]></wp:post_modified_gmt>
		<wp:comment_status><![CDATA[closed]]></wp:comment_status>
		<wp:ping_status><![CDATA[closed]]></wp:ping_status>
		<wp:post_name><![CDATA[50]]></wp:post_name>
		<wp:status><![CDATA[publish]]></wp:status>
		<wp:post_parent>0</wp:post_parent>
		<wp:menu_order>8</wp:menu_order>
		<wp:post_type><![CDATA[nav_menu_item]]></wp:post_type>
		<wp:post_password><![CDATA[]]></wp:post_password>
		<wp:is_sticky>0</wp:is_sticky>
										<category domain="nav_menu" nicename="menu-1"><![CDATA[Menu 1]]></category>
						<wp:postmeta>
		<wp:meta_key><![CDATA[_menu_item_type]]></wp:meta_key>
		<wp:meta_value><![CDATA[post_type]]></wp:meta_value>
		</wp:postmeta>
							<wp:postmeta>
		<wp:meta_key><![CDATA[_menu_item_menu_item_parent]]></wp:meta_key>
		<wp:meta_value><![CDATA[13]]></wp:meta_value>
		</wp:postmeta>
							<wp:postmeta>
		<wp:meta_key><![CDATA[_menu_item_object_id]]></wp:meta_key>
		<wp:meta_value><![CDATA[48]]></wp:meta_value>
		</wp:postmeta>
							<wp:postmeta>
		<wp:meta_key><![CDATA[_menu_item_object]]></wp:meta_key>
		<wp:meta_value><![CDATA[post]]></wp:meta_value>
		</wp:postmeta>
							<wp:postmeta>
		<wp:meta_key><![CDATA[_menu_item_target]]></wp:meta_key>
		<wp:meta_value><![CDATA[]]></wp:meta_value>
		</wp:postmeta>
							<wp:postmeta>
		<wp:meta_key><![CDATA[_menu_item_classes]]></wp:meta_key>
		<wp:meta_value><![CDATA[a:1:{i:0;s:0:"";}]]></wp:meta_value>
		</wp:postmeta>
							<wp:postmeta>
		<wp:meta_key><![CDATA[_menu_item_xfn]]></wp:meta_key>
		<wp:meta_value><![CDATA[]]></wp:meta_value>
		</wp:postmeta>
							<wp:postmeta>
		<wp:meta_key><![CDATA[_menu_item_url]]></wp:meta_key>
		<wp:meta_value><![CDATA[]]></wp:meta_value>
		</wp:postmeta>
							</item>
					<item>
		<title><![CDATA[]]></title>
		<link>https://mdupont.dectim.ca/H22/wp/semaine07/mon/nouveau/site/2022/03/07/51/</link>
		<pubDate>Mon, 07 Mar 2022 01:36:16 +0000</pubDate>
		<dc:creator><![CDATA[mathieudupont]]></dc:creator>
		<guid isPermaLink="false">https://mdupont.dectim.ca/H22/wp/semaine07/mon/nouveau/site/2022/03/07/</guid>
		<description></description>
		<content:encoded><![CDATA[ ]]></content:encoded>
		<excerpt:encoded><![CDATA[]]></excerpt:encoded>
		<wp:post_id>51</wp:post_id>
		<wp:post_date><![CDATA[2022-03-07 01:36:16]]></wp:post_date>
		<wp:post_date_gmt><![CDATA[2022-03-07 01:36:16]]></wp:post_date_gmt>
		<wp:post_modified><![CDATA[2022-03-07 01:36:16]]></wp:post_modified>
		<wp:post_modified_gmt><![CDATA[2022-03-07 01:36:16]]></wp:post_modified_gmt>
		<wp:comment_status><![CDATA[closed]]></wp:comment_status>
		<wp:ping_status><![CDATA[closed]]></wp:ping_status>
		<wp:post_name><![CDATA[51]]></wp:post_name>
		<wp:status><![CDATA[publish]]></wp:status>
		<wp:post_parent>0</wp:post_parent>
		<wp:menu_order>7</wp:menu_order>
		<wp:post_type><![CDATA[nav_menu_item]]></wp:post_type>
		<wp:post_password><![CDATA[]]></wp:post_password>
		<wp:is_sticky>0</wp:is_sticky>
										<category domain="nav_menu" nicename="menu-1"><![CDATA[Menu 1]]></category>
						<wp:postmeta>
		<wp:meta_key><![CDATA[_menu_item_type]]></wp:meta_key>
		<wp:meta_value><![CDATA[post_type]]></wp:meta_value>
		</wp:postmeta>
							<wp:postmeta>
		<wp:meta_key><![CDATA[_menu_item_menu_item_parent]]></wp:meta_key>
		<wp:meta_value><![CDATA[13]]></wp:meta_value>
		</wp:postmeta>
							<wp:postmeta>
		<wp:meta_key><![CDATA[_menu_item_object_id]]></wp:meta_key>
		<wp:meta_value><![CDATA[47]]></wp:meta_value>
		</wp:postmeta>
							<wp:postmeta>
		<wp:meta_key><![CDATA[_menu_item_object]]></wp:meta_key>
		<wp:meta_value><![CDATA[post]]></wp:meta_value>
		</wp:postmeta>
							<wp:postmeta>
		<wp:meta_key><![CDATA[_menu_item_target]]></wp:meta_key>
		<wp:meta_value><![CDATA[]]></wp:meta_value>
		</wp:postmeta>
							<wp:postmeta>
		<wp:meta_key><![CDATA[_menu_item_classes]]></wp:meta_key>
		<wp:meta_value><![CDATA[a:1:{i:0;s:0:"";}]]></wp:meta_value>
		</wp:postmeta>
							<wp:postmeta>
		<wp:meta_key><![CDATA[_menu_item_xfn]]></wp:meta_key>
		<wp:meta_value><![CDATA[]]></wp:meta_value>
		</wp:postmeta>
							<wp:postmeta>
		<wp:meta_key><![CDATA[_menu_item_url]]></wp:meta_key>
		<wp:meta_value><![CDATA[]]></wp:meta_value>
		</wp:postmeta>
							</item>
					<item>
		<title><![CDATA[Bonjour tout le monde !]]></title>
		<link>https://mdupont.dectim.ca/H22/wp/semaine07/mon/nouveau/site/?p=1</link>
		<pubDate>Mon, 07 Mar 2022 00:10:08 +0000</pubDate>
		<dc:creator><![CDATA[mathieudupont]]></dc:creator>
		<guid isPermaLink="false">https://mdupont.dectim.ca/H22/wp/semaine07/mon/nouveau/site/?p=1</guid>
		<description></description>
		<content:encoded><![CDATA[<!-- wp:paragraph -->
<p>Bienvenue à WordPress. Ceci est votre premier article. Modifiez ou supprimez-le, puis commencez à écrire!</p>
<!-- /wp:paragraph -->]]></content:encoded>
		<excerpt:encoded><![CDATA[]]></excerpt:encoded>
		<wp:post_id>1</wp:post_id>
		<wp:post_date><![CDATA[2022-03-07 00:10:08]]></wp:post_date>
		<wp:post_date_gmt><![CDATA[2022-03-07 00:10:08]]></wp:post_date_gmt>
		<wp:post_modified><![CDATA[2022-03-07 00:11:10]]></wp:post_modified>
		<wp:post_modified_gmt><![CDATA[2022-03-07 00:11:10]]></wp:post_modified_gmt>
		<wp:comment_status><![CDATA[open]]></wp:comment_status>
		<wp:ping_status><![CDATA[open]]></wp:ping_status>
		<wp:post_name><![CDATA[bonjour-tout-le-monde__trashed]]></wp:post_name>
		<wp:status><![CDATA[trash]]></wp:status>
		<wp:post_parent>0</wp:post_parent>
		<wp:menu_order>0</wp:menu_order>
		<wp:post_type><![CDATA[post]]></wp:post_type>
		<wp:post_password><![CDATA[]]></wp:post_password>
		<wp:is_sticky>0</wp:is_sticky>
										<category domain="category" nicename="non-classe"><![CDATA[Non classé]]></category>
						<wp:postmeta>
		<wp:meta_key><![CDATA[_wp_trash_meta_status]]></wp:meta_key>
		<wp:meta_value><![CDATA[publish]]></wp:meta_value>
		</wp:postmeta>
							<wp:postmeta>
		<wp:meta_key><![CDATA[_wp_trash_meta_time]]></wp:meta_key>
		<wp:meta_value><![CDATA[1646611870]]></wp:meta_value>
		</wp:postmeta>
							<wp:postmeta>
		<wp:meta_key><![CDATA[_wp_desired_post_slug]]></wp:meta_key>
		<wp:meta_value><![CDATA[bonjour-tout-le-monde]]></wp:meta_value>
		</wp:postmeta>
							<wp:postmeta>
		<wp:meta_key><![CDATA[_wp_trash_meta_comments_status]]></wp:meta_key>
		<wp:meta_value><![CDATA[a:1:{i:1;s:1:"1";}]]></wp:meta_value>
		</wp:postmeta>
							<wp:comment>
			<wp:comment_id>1</wp:comment_id>
			<wp:comment_author><![CDATA[Un commentateur WordPress]]></wp:comment_author>
			<wp:comment_author_email><![CDATA[wapuu@wordpress.example]]></wp:comment_author_email>
			<wp:comment_author_url>https://wordpress.org/</wp:comment_author_url>
			<wp:comment_author_IP><![CDATA[]]></wp:comment_author_IP>
			<wp:comment_date><![CDATA[2022-03-07 00:10:08]]></wp:comment_date>
			<wp:comment_date_gmt><![CDATA[2022-03-07 00:10:08]]></wp:comment_date_gmt>
			<wp:comment_content><![CDATA[Bonjour, ceci est un commentaire.
Pour débuter avec la modération, la modification et la suppression de commentaires, veuillez visiter l’écran des Commentaires dans le Tableau de bord.
Les avatars des personnes qui commentent arrivent depuis <a href="https://gravatar.com">Gravatar</a>.]]></wp:comment_content>
			<wp:comment_approved><![CDATA[post-trashed]]></wp:comment_approved>
			<wp:comment_type><![CDATA[comment]]></wp:comment_type>
			<wp:comment_parent>0</wp:comment_parent>
			<wp:comment_user_id>0</wp:comment_user_id>
							</wp:comment>
					</item>
					<item>
		<title><![CDATA[Custom Styles]]></title>
		<link>https://mdupont.dectim.ca/H22/wp/semaine07/mon/nouveau/site/2022/03/07/wp-global-styles-hierarchie/</link>
		<pubDate>Mon, 07 Mar 2022 02:22:03 +0000</pubDate>
		<dc:creator><![CDATA[mathieudupont]]></dc:creator>
		<guid isPermaLink="false">https://mdupont.dectim.ca/H22/wp/semaine07/mon/nouveau/site/2022/03/07/wp-global-styles-hierarchie/</guid>
		<description></description>
		<content:encoded><![CDATA[{"version": 2, "isGlobalStylesUserThemeJSON": true }]]></content:encoded>
		<excerpt:encoded><![CDATA[]]></excerpt:encoded>
		<wp:post_id>52</wp:post_id>
		<wp:post_date><![CDATA[2022-03-07 02:22:03]]></wp:post_date>
		<wp:post_date_gmt><![CDATA[2022-03-07 02:22:03]]></wp:post_date_gmt>
		<wp:post_modified><![CDATA[2022-03-07 02:22:03]]></wp:post_modified>
		<wp:post_modified_gmt><![CDATA[2022-03-07 02:22:03]]></wp:post_modified_gmt>
		<wp:comment_status><![CDATA[closed]]></wp:comment_status>
		<wp:ping_status><![CDATA[closed]]></wp:ping_status>
		<wp:post_name><![CDATA[wp-global-styles-hierarchie]]></wp:post_name>
		<wp:status><![CDATA[publish]]></wp:status>
		<wp:post_parent>0</wp:post_parent>
		<wp:menu_order>0</wp:menu_order>
		<wp:post_type><![CDATA[wp_global_styles]]></wp:post_type>
		<wp:post_password><![CDATA[]]></wp:post_password>
		<wp:is_sticky>0</wp:is_sticky>
										<category domain="wp_theme" nicename="hierarchie"><![CDATA[hierarchie]]></category>
						</item>
				</channel>
</rss>
	